<?xml version="1.0" encoding="UTF-8" standalone="yes"?>
<addon id="repository.cardinal" name="[COLOR red]Cardinal Repository[/COLOR]" version="1.4" provider-name="Cardinal">
	<extension point="xbmc.addon.repository" name="Cardinal">
		<dir>
			<info compressed="false">http://bossbuildz.com/repo/addons.xml</info>
			<checksum>http://bossbuildz.com/repo/addons.xml.md5</checksum>
			<datadir zip="true">http://bossbuildz.com/repo/</datadir>
		</dir>
	<dir>
        <info compressed="false">https://raw.githubusercontent.com/teamuniversal/scrapers/master/_modules4all/zips/addons.xml</info>
        <checksum>https://raw.githubusercontent.com/teamuniversal/scrapers/master/_modules4all/zips/addons.xml.md5</checksum>
        <datadir zip="true">https://raw.githubusercontent.com/teamuniversal/scrapers/master/_modules4all/zips/</datadir>
    </dir>
	<dir>
            <info compressed="false">https://raw.githubusercontent.com/jsergio123/zips/master/addons.xml</info>
            <checksum>https://raw.githubusercontent.com/jsergio123/zips/master/addons.xml.md5</checksum>
            <datadir zip="true">https://raw.githubusercontent.com/jsergio123/zips/master/</datadir>
     </dir>
	<dir>
            <info compressed="false">https://raw.githubusercontent.com/totalrevolution/python-koding/master/zips/addons.xml</info>
            <checksum>https://raw.githubusercontent.com/totalrevolution/python-koding/master/zips/addons.xml.md5</checksum>
            <datadir zip="true">https://raw.githubusercontent.com/totalrevolution/python-koding/master/zips/</datadir>
    </dir>			
	</extension>
	<extension point="xbmc.addon.metadata">
		<summary lang="en"></summary>
		<description lang="en">The Official Repo for the Cardinal Team</description>
		<genre>usa</genre>
	</extension>
</addon>