<?xml version="1.0" encoding="UTF-8" standalone="yes"?>
<addon id="repository.cardinal" name="[COLOR cyan]Cardinal Repository[/COLOR]" version="1.0" provider-name="Cardinal">
	<extension point="xbmc.addon.repository" name="lookingglass">
		<dir>
			<info compressed="false">http://bossbuildz/repo/addons.xml</info>
			<checksum>http://bossbuildz/repo/addons.xml.md5</checksum>
			<datadir zip="true">http://bossbuildz/repo/zips/</datadir>
		</dir>
	</extension>
	<extension point="xbmc.addon.metadata">
		<summary lang="en"></summary>
		<description lang="en">The Official Repo for the Cardinal Team</description>
		<genre>usa</genre>
	</extension>
</addon>